-- USERS
INSERT INTO users (user_id, display_name, email, photo_url, payment_method, payment_link, created_at, updated_at) VALUES
('9d7e114a-1cb3-4f61-8a9d-47fda72b2b88', 'Alice Johnson', 'alice@example.com', 'https://picsum.photos/300/300', NULL, NULL, NOW(), NOW()),
('c04355e1-9d60-4d79-a2e3-cbc773e66307', 'Bob Smith', 'bob@example.com', 'https://picsum.photos/300/300', 'Cash', 'My hand', NOW(), NOW()),
('3c63a392-f260-4b64-9627-64ef31e67ff5', 'Charlie Brown', 'charlie@example.com', 'https://picsum.photos/300/300', 'Venmo', 'charile_mcmans', NOW(), NOW()),
('64a6bc4f-0e6f-4d11-bcae-087a54fa7f8e', 'Diana Prince', 'diana@example.com', 'https://picsum.photos/300/300', 'Zelle', '+14085433452', NOW(), NOW()),
('78e57b25-f5fc-4c18-8c9f-02467f340be0', 'Evan Lee', 'evan@example.com', 'https://picsum.photos/300/300', 'Zelle', '+18314193424', NOW(), NOW());

-- HOUSES
INSERT INTO houses (house_id, name, user_id, created_at, updated_at) VALUES
('bc0fca49-00c2-4c60-80ae-4e5df36e2054', 'Green Villa', '9d7e114a-1cb3-4f61-8a9d-47fda72b2b88', NOW(), NOW()),
('c781b376-5c18-4d6f-a415-b6117fe8e4b5', 'Blue Cottage', 'c04355e1-9d60-4d79-a2e3-cbc773e66307', NOW(), NOW()),
('a64f391d-e0e4-4cc4-9473-0508c247c57d', 'Red Mansion', '64a6bc4f-0e6f-4d11-bcae-087a54fa7f8e', NOW(), NOW());

-- HOUSE MEMBERS
-- Green Villa
INSERT INTO house_members (house_member_id, user_id, house_id, is_admin, nickname, is_active, created_at, updated_at) VALUES
('7a3c7edb-9673-45c1-bdb4-2d69cf5f96e4', '9d7e114a-1cb3-4f61-8a9d-47fda72b2b88', 'bc0fca49-00c2-4c60-80ae-4e5df36e2054', TRUE, 'AliceG', TRUE, NOW(), NOW()),
('1bfb2302-b002-4c5d-9bc2-96e24ad0ac48', 'c04355e1-9d60-4d79-a2e3-cbc773e66307', 'bc0fca49-00c2-4c60-80ae-4e5df36e2054', FALSE, 'BobG', TRUE, NOW(), NOW()),
('b2455b8a-b8ae-4933-91c0-13f45beae4b4', '64a6bc4f-0e6f-4d11-bcae-087a54fa7f8e', 'bc0fca49-00c2-4c60-80ae-4e5df36e2054', FALSE, 'DianaG', TRUE, NOW(), NOW());

-- Blue Cottage
INSERT INTO house_members (house_member_id, user_id, house_id, is_admin, nickname, is_active, created_at, updated_at) VALUES
('30b0c262-4b3a-4fc1-b740-c7ad2d805eb1', 'c04355e1-9d60-4d79-a2e3-cbc773e66307', 'c781b376-5c18-4d6f-a415-b6117fe8e4b5', TRUE, 'BobB', TRUE, NOW(), NOW()),
('6822648d-4322-49ee-8907-bc009b41eac4', '3c63a392-f260-4b64-9627-64ef31e67ff5', 'c781b376-5c18-4d6f-a415-b6117fe8e4b5', FALSE, 'CharlieB', TRUE, NOW(), NOW()),
('93a7b413-865e-4915-a2ce-cf365391b3e5', '78e57b25-f5fc-4c18-8c9f-02467f340be0', 'c781b376-5c18-4d6f-a415-b6117fe8e4b5', FALSE, 'EvanB', TRUE, NOW(), NOW());

-- Red Mansion
INSERT INTO house_members (house_member_id, user_id, house_id, is_admin, nickname, is_active, created_at, updated_at) VALUES
('9b44ff87-74a9-4b27-84d1-38cc0f4d18ec', '64a6bc4f-0e6f-4d11-bcae-087a54fa7f8e', 'a64f391d-e0e4-4cc4-9473-0508c247c57d', TRUE, 'DianaR', TRUE, NOW(), NOW()),
('c715f84d-3d33-4c39-902f-ea13e90d8e88', '78e57b25-f5fc-4c18-8c9f-02467f340be0', 'a64f391d-e0e4-4cc4-9473-0508c247c57d', FALSE, 'EvanR', TRUE, NOW(), NOW());

-- EXPENSES
-- Green Villa
INSERT INTO expenses (expense_id, house_id, house_member_id, title, description, splits, total_amount, expense_date, category, is_settled, settled_at, created_at, updated_at) VALUES
('1e3d39a4-763e-41cd-a445-d1b0702bdf4e', 'bc0fca49-00c2-4c60-80ae-4e5df36e2054', '7a3c7edb-9673-45c1-bdb4-2d69cf5f96e4', 'Groceries', 'Weekly groceries shopping', '{ "member_splits": [ { "member_id": "c04355e1-9d60-4d79-a2e3-cbc773e66307", "amount_owed": 50.0, "paid_on": "2025-07-07 14:18:23" }, { "member_id": "9d7e114a-1cb3-4f61-8a9d-47fda72b2b88", "amount_owed": 45.75, "paid_on": "2025-06-25 09:30:00" }] }', 100.00, '2025-07-07 00:00:00', 'Groceries', TRUE, '2025-07-07 14:18:23', '2025-07-07 14:18:23', '2025-07-07 14:18:23'),
('c924d66c-0b47-4805-a7bc-57f3d97deca4', 'bc0fca49-00c2-4c60-80ae-4e5df36e2054', '1bfb2302-b002-4c5d-9bc2-96e24ad0ac48', 'Internet Bill', 'Monthly internet bill', '{ "member_splits": [ { "member_id": "c04355e1-9d60-4d79-a2e3-cbc773e66307", "amount_owed": 30.0, "paid_on": "2025-07-01 10:05:00" }, { "member_id": "9d7e114a-1cb3-4f61-8a9d-47fda72b2b88", "amount_owed": 30.0, "paid_on": "2025-07-03 16:20:00" } ] }', 100.00, '2025-07-01 00:00:00', 'Utilities', TRUE, '2025-07-03 16:20:00', '2025-07-03 16:20:00', '2025-07-03 16:20:00'),
('278e3e4f-e48c-4c8f-b8ec-c66d4fda54de', 'bc0fca49-00c2-4c60-80ae-4e5df36e2054', 'b2455b8a-b8ae-4933-91c0-13f45beae4b4', 'Cleaning Supplies', 'Bought cleaning stuff', '{ "member_splits": [ { "member_id": "c04355e1-9d60-4d79-a2e3-cbc773e66307", "amount_owed": 10.5, "paid_on": "2025-07-09 11:45:00" }, { "member_id": "9d7e114a-1cb3-4f61-8a9d-47fda72b2b88", "amount_owed": 10.5, "paid_on": null }, { "member_id": "64a6bc4f-0e6f-4d11-bcae-087a54fa7f8e", "amount_owed": 5.0, "paid_on": null } ] }', 100.00, '2025-07-09', 'Household', FALSE, NULL, '2025-07-09 11:45:00', '2025-07-09 11:45:00');

-- Blue Cottage
INSERT INTO expenses (expense_id, house_id, house_member_id, title, description, splits, total_amount, expense_date, category, is_settled, settled_at, created_at, updated_at) VALUES
('7b9f9705-72bc-4b95-8746-40cf34702be3', 'c781b376-5c18-4d6f-a415-b6117fe8e4b5', '30b0c262-4b3a-4fc1-b740-c7ad2d805eb1', 'Rent', 'Monthly rent payment', '{ "member_splits": [ { "member_id": "c04355e1-9d60-4d79-a2e3-cbc773e66307", "amount_owed": 1375.0, "paid_on": "2025-06-27 08:00:00" }, { "member_id": "978e57b25-f5fc-4c18-8c9f-02467f340be0", "amount_owed": 1225.0, "paid_on": "2025-06-26 13:00:00" }] }', 1500.00, '2025-07-01 00:00:00', 'Rent', TRUE, '2025-06-27 08:00:00', '2025-06-27 08:00:00', '2025-06-27 08:00:00'),
('62b2354f-019b-4dd6-a2fd-b6558b18e02c', 'c781b376-5c18-4d6f-a415-b6117fe8e4b5', '6822648d-4322-49ee-8907-bc009b41eac4', 'Electricity', 'Monthly electricity bill', '{ "member_splits": [ { "member_id": "c04355e1-9d60-4d79-a2e3-cbc773e66307", "amount_owed": 1375.0, "paid_on": "2025-07-06 17:00:00" }, { "member_id": "978e57b25-f5fc-4c18-8c9f-02467f340be0", "amount_owed": 1225.0, "paid_on": "2025-07-05 10:00:00" }] }', 200.00, '2025-07-08 09:15:00', 'Utilities', FALSE, NULL, '2025-07-06 17:00:00', '2025-07-06 17:00:00'),
('6fa3706d-b0cb-48e7-bfc2-e0fca3451dc3', 'c781b376-5c18-4d6f-a415-b6117fe8e4b5', '93a7b413-865e-4915-a2ce-cf365391b3e5', 'Water Bill', 'Monthly water bill', '{ "member_splits": [ { "member_id": "c04355e1-9d60-4d79-a2e3-cbc773e66307", "amount_owed": 50.0, "paid_on": "2025-07-08 09:15:00" }, { "member_id": "3c63a392-f260-4b64-9627-64ef31e67ff5", "amount_owed": 45.75, "paid_on": null }] }', 150.00, '2025-07-08', 'Utilities', FALSE, NULL, '2025-07-08 09:15:00', '2025-07-08 09:15:00');

-- Red Mansion
INSERT INTO expenses (expense_id, house_id, house_member_id, title, description, splits, total_amount, expense_date, category, is_settled, settled_at, created_at, updated_at) VALUES
('d7331ed9-7394-45ed-a23e-292f2237e9e5', 'a64f391d-e0e4-4cc4-9473-0508c247c57d', '9b44ff87-74a9-4b27-84d1-38cc0f4d18ec', 'Furniture', 'Bought a new sofa', '{ "member_splits": [ { "member_id": "64a6bc4f-0e6f-4d11-bcae-087a54fa7f8e", "amount_owed": 70.0, "paid_on": null }, { "member_id": "78e57b25-f5fc-4c18-8c9f-02467f340be0", "amount_owed": 30.0, "paid_on": null }] }', 800.00, '2025-07-12 15:00:00', 'Furniture', FALSE, NULL, '2025-07-10 15:00:00', '2025-07-10 15:00:00');

-- EXPENSES
-- Green Villa
INSERT INTO expenses (expense_id, house_id, house_member_id, title, description, splits, total_amount, expense_date, category, is_settled, settled_at, created_at, updated_at) VALUES
('5bc2dc0e-15e3-4acf-b4e9-34706f2f6310', 'bc0fca49-00c2-4c60-80ae-4e5df36e2054', '1bfb2302-b002-4c5d-9bc2-96e24ad0ac48', 'Monthly Rent Payment', 'Monthly rent share.', '{ "member_splits": [ { "member_id": "7a3c7edb-9673-45c1-bdb4-2d69cf5f96e4", "amount_owed": 371.31, "paid_on": "2025-07-16 01:05:09" }, { "member_id": "b2455b8a-b8ae-4933-91c0-13f45beae4b4", "amount_owed": 57.37, "paid_on": "2025-07-14 17:06:07" } ] }', 1372.91, '2025-07-14 00:00:00', 'rent', TRUE, '2025-07-16 01:05:09', '2025-07-14 03:28:18', '2025-07-14 03:28:18'),
('9fc6aa28-a285-475d-9e4f-1de3c9572e54', 'bc0fca49-00c2-4c60-80ae-4e5df36e2054', 'd5b48284-8c87-44d7-a0e4-4a91ada71550', 'Random Purchase', 'Miscellaneous shared expense: random purchase.', '{ "member_splits": [ { "member_id": "45ac360e-0aef-4539-8711-6c383ba5d8c1", "amount_owed": 9.52, "paid_on": "2025-07-24 11:37:16" }, { "member_id": "0ab16512-eba5-4d60-9a0e-e49a7e8fa1f6", "amount_owed": 17.66, "paid_on": null } ] }', 418.33, '2025-07-23 00:00:00', 'random', FALSE, NULL, '2025-07-23 17:21:54', '2025-07-23 17:21:54'),
('d968698a-6712-4094-afbc-a900c11782eb', 'bc0fca49-00c2-4c60-80ae-4e5df36e2054', '45ac360e-0aef-4539-8711-6c383ba5d8c1', 'Weekly Groceries', 'Shopping for household food and essentials.', '{ "member_splits": [ { "member_id": "b2455b8a-b8ae-4933-91c0-13f45beae4b4", "amount_owed": 33.38, "paid_on": null } ] }', 117.04, '2025-07-20 00:00:00', 'groceries', FALSE, NULL, '2025-07-20 11:40:51', '2025-07-20 11:40:51'),
('f4a39fa0-e1b7-486f-a2d3-6b057ef293ac', 'bc0fca49-00c2-4c60-80ae-4e5df36e2054', 'bf8a2326-ff14-423b-8cc3-5a8c7aad031a', 'Dinner Out', 'Dinner Out with housemates.', '{ "member_splits": [ { "member_id": "3cb9deba-7803-440f-9739-b2d192f82564", "amount_owed": 8.14, "paid_on": "2025-07-18 21:31:45" } ] }', 82.58, '2025-07-18 00:00:00', 'food', TRUE, '2025-07-18 21:31:45', '2025-07-18 11:36:41', '2025-07-18 11:36:41'),
('432fe1a8-78f4-41a2-a796-74b415a69b9a', 'bc0fca49-00c2-4c60-80ae-4e5df36e2054', 'b2455b8a-b8ae-4933-91c0-13f45beae4b4', 'Weekly Groceries', 'Shopping for household food and essentials.', '{ "member_splits": [ { "member_id": "7a3c7edb-9673-45c1-bdb4-2d69cf5f96e4", "amount_owed": 73.42, "paid_on": "2025-07-23 17:08:36" } ] }', 210.24, '2025-07-23 00:00:00', 'groceries', TRUE, '2025-07-23 17:08:36', '2025-07-23 14:10:00', '2025-07-23 14:10:00'),
('6f2161e0-2b6a-47a7-8e44-bf4f0d6142e2', 'bc0fca49-00c2-4c60-80ae-4e5df36e2054', 'bf8a2326-ff14-423b-8cc3-5a8c7aad031a', 'Internet Bill', 'Monthly internet usage.', '{ "member_splits": [ { "member_id": "7a3c7edb-9673-45c1-bdb4-2d69cf5f96e4", "amount_owed": 30.18, "paid_on": null } ] }', 83.74, '2025-07-22 00:00:00', 'utilities', FALSE, NULL, '2025-07-22 09:19:53', '2025-07-22 09:19:53'),
('12536c8a-ba81-4191-a3ac-3718b220a44b', 'bc0fca49-00c2-4c60-80ae-4e5df36e2054', 'd5b48284-8c87-44d7-a0e4-4a91ada71550', 'Dinner Out', 'Dinner Out with housemates.', '{ "member_splits": [ { "member_id": "b2455b8a-b8ae-4933-91c0-13f45beae4b4", "amount_owed": 27.75, "paid_on": "2025-07-21 21:29:17" }, { "member_id": "7a3c7edb-9673-45c1-bdb4-2d69cf5f96e4", "amount_owed": 90.61, "paid_on": null } ] }', 352.15, '2025-07-19 00:00:00', 'food', FALSE, NULL, '2025-07-19 04:20:48', '2025-07-19 04:20:48'),
('7f72bff0-e172-4ec3-9db6-ca7e9daff35c', 'bc0fca49-00c2-4c60-80ae-4e5df36e2054', '7a3c7edb-9673-45c1-bdb4-2d69cf5f96e4', 'Lunch Delivery', 'Lunch Delivery with housemates.', '{ "member_splits": [ { "member_id": "b2455b8a-b8ae-4933-91c0-13f45beae4b4", "amount_owed": 20.02, "paid_on": "2025-07-15 07:56:10" }, { "member_id": "0ab16512-eba5-4d60-9a0e-e49a7e8fa1f6", "amount_owed": 49.70, "paid_on": null } ] }', 135.27, '2025-07-14 00:00:00', 'food', FALSE, NULL, '2025-07-14 15:31:03', '2025-07-14 15:31:03'),
('acc9ae71-3b63-474d-b23a-3f2bdd578e89', 'bc0fca49-00c2-4c60-80ae-4e5df36e2054', '1bfb2302-b002-4c5d-9bc2-96e24ad0ac48', 'Electricity Bill', 'Monthly electricity usage.', '{ "member_splits": [ { "member_id": "0ab16512-eba5-4d60-9a0e-e49a7e8fa1f6", "amount_owed": 15.68, "paid_on": null }, { "member_id": "3cb9deba-7803-440f-9739-b2d192f82564", "amount_owed": 5.16, "paid_on": "2025-07-19 23:45:35" }, { "member_id": "bf8a2326-ff14-423b-8cc3-5a8c7aad031a", "amount_owed": 5.50, "paid_on": null } ] }', 128.31, '2025-07-19 00:00:00', 'utilities', FALSE, NULL, '2025-07-19 23:52:49', '2025-07-19 23:52:49'),
('6db7ad12-8486-4ff9-b34e-27d31b4d7de1', 'bc0fca49-00c2-4c60-80ae-4e5df36e2054', 'b2455b8a-b8ae-4933-91c0-13f45beae4b4', 'Internet Bill', 'Monthly internet usage.', '{ "member_splits": [ { "member_id": "1bfb2302-b002-4c5d-9bc2-96e24ad0ac48", "amount_owed": 11.45, "paid_on": "2025-07-15 10:48:40" } ] }', 52.98, '2025-07-14 00:00:00', 'utilities', TRUE, '2025-07-15 10:48:40', '2025-07-14 18:31:58', '2025-07-14 18:31:58'),
('1f706303-edaa-4db7-ac8a-504354cf20ba', 'bc0fca49-00c2-4c60-80ae-4e5df36e2054', 'b2455b8a-b8ae-4933-91c0-13f45beae4b4', 'Internet Bill', 'Monthly internet usage.', '{ "member_splits": [ { "member_id": "bf8a2326-ff14-423b-8cc3-5a8c7aad031a", "amount_owed": 20.29, "paid_on": null }, { "member_id": "0ab16512-eba5-4d60-9a0e-e49a7e8fa1f6", "amount_owed": 35.90, "paid_on": "2025-07-19 03:46:00" }, { "member_id": "3cb9deba-7803-440f-9739-b2d192f82564", "amount_owed": 9.44, "paid_on": "2025-07-19 03:39:02" } ] }', 140.30, '2025-07-19 00:00:00', 'utilities', FALSE, NULL, '2025-07-19 03:58:58', '2025-07-19 03:58:58'),
('2d1c771b-e26a-4bcf-bc52-ea9ea79c6ca5', 'bc0fca49-00c2-4c60-80ae-4e5df36e2054', '1bfb2302-b002-4c5d-9bc2-96e24ad0ac48', 'Electricity Bill', 'Monthly electricity usage.', '{ "member_splits": [ { "member_id": "3cb9deba-7803-440f-9739-b2d192f82564", "amount_owed": 21.05, "paid_on": "2025-07-19 12:41:23" }, { "member_id": "bf8a2326-ff14-423b-8cc3-5a8c7aad031a", "amount_owed": 44.72, "paid_on": "2025-07-21 23:38:55" } ] }', 112.66, '2025-07-19 00:00:00', 'utilities', TRUE, '2025-07-21 23:38:55', '2025-07-19 12:46:52', '2025-07-19 12:46:52'),
('12edf922-ef10-4625-94e9-f76677be5d10', 'bc0fca49-00c2-4c60-80ae-4e5df36e2054', '7a3c7edb-9673-45c1-bdb4-2d69cf5f96e4', 'Weekly Groceries', 'Shopping for household food and essentials.', '{ "member_splits": [ { "member_id": "0ab16512-eba5-4d60-9a0e-e49a7e8fa1f6", "amount_owed": 18.30, "paid_on": "2025-07-15 07:46:20" }, { "member_id": "b2455b8a-b8ae-4933-91c0-13f45beae4b4", "amount_owed": 51.24, "paid_on": "2025-07-16 02:55:52" } ] }', 169.61, '2025-07-15 00:00:00', 'groceries', TRUE, '2025-07-16 02:55:52', '2025-07-15 07:47:37', '2025-07-15 07:47:37'),
('f806c836-2c5e-4c22-a087-135346f78caa', 'bc0fca49-00c2-4c60-80ae-4e5df36e2054', 'd5b48284-8c87-44d7-a0e4-4a91ada71550', 'Weekly Groceries', 'Shopping for household food and essentials.', '{ "member_splits": [ { "member_id": "7a3c7edb-9673-45c1-bdb4-2d69cf5f96e4", "amount_owed": 69.19, "paid_on": "2025-07-22 17:04:30" }, { "member_id": "1bfb2302-b002-4c5d-9bc2-96e24ad0ac48", "amount_owed": 168.97, "paid_on": "2025-07-22 16:57:37" } ] }', 457.98, '2025-07-22 00:00:00', 'groceries', TRUE, '2025-07-22 17:04:30', '2025-07-22 17:12:21', '2025-07-22 17:12:21'),
('e336ec61-5658-4e73-93e2-0ca607f6c09b', 'bc0fca49-00c2-4c60-80ae-4e5df36e2054', 'b2455b8a-b8ae-4933-91c0-13f45beae4b4', 'Monthly Rent Payment', 'Monthly rent share.', '{ "member_splits": [ { "member_id": "0ab16512-eba5-4d60-9a0e-e49a7e8fa1f6", "amount_owed": 139.37, "paid_on": null }, { "member_id": "45ac360e-0aef-4539-8711-6c383ba5d8c1", "amount_owed": 400.86, "paid_on": "2025-07-23 23:16:48" } ] }', 979.81, '2025-07-23 00:00:00', 'rent', FALSE, NULL, '2025-07-24 00:44:53', '2025-07-24 00:44:53'),
('aeb24228-9e98-4bb7-805b-43f00ef4038a', 'bc0fca49-00c2-4c60-80ae-4e5df36e2054', '3cb9deba-7803-440f-9739-b2d192f82564', 'Dinner Out', 'Dinner Out with housemates.', '{ "member_splits": [ { "member_id": "d5b48284-8c87-44d7-a0e4-4a91ada71550", "amount_owed": 136.75, "paid_on": null } ] }', 445.10, '2025-07-16 00:00:00', 'food', FALSE, NULL, '2025-07-16 11:33:03', '2025-07-16 11:33:03'),
('ae7b3a03-30d4-456c-9098-5111b1a32ade', 'bc0fca49-00c2-4c60-80ae-4e5df36e2054', '1bfb2302-b002-4c5d-9bc2-96e24ad0ac48', 'Internet Bill', 'Monthly internet usage.', '{ "member_splits": [ { "member_id": "3cb9deba-7803-440f-9739-b2d192f82564", "amount_owed": 8.12, "paid_on": null }, { "member_id": "b2455b8a-b8ae-4933-91c0-13f45beae4b4", "amount_owed": 5.09, "paid_on": "2025-07-17 05:16:59" } ] }', 72.06, '2025-07-15 00:00:00', 'utilities', FALSE, NULL, '2025-07-15 10:32:41', '2025-07-15 10:32:41'),
('1540799b-f7b7-4503-afec-43935d7b5bc4', 'bc0fca49-00c2-4c60-80ae-4e5df36e2054', 'b2455b8a-b8ae-4933-91c0-13f45beae4b4', 'Movie Night Snacks', 'Miscellaneous shared expense: movie night snacks.', '{ "member_splits": [ { "member_id": "7a3c7edb-9673-45c1-bdb4-2d69cf5f96e4", "amount_owed": 14.71, "paid_on": "2025-07-24 23:48:58" } ] }', 125.77, '2025-07-24 00:00:00', 'random', TRUE, '2025-07-24 23:48:58', '2025-07-24 23:46:47', '2025-07-24 23:46:47'),
('2cd7ce43-80c6-4507-b552-31fe2d83c6b3', 'bc0fca49-00c2-4c60-80ae-4e5df36e2054', '45ac360e-0aef-4539-8711-6c383ba5d8c1', 'Weekly Groceries', 'Shopping for household food and essentials.', '{ "member_splits": [ { "member_id": "b2455b8a-b8ae-4933-91c0-13f45beae4b4", "amount_owed": 72.66, "paid_on": "2025-07-22 01:07:47" }, { "member_id": "0ab16512-eba5-4d60-9a0e-e49a7e8fa1f6", "amount_owed": 39.80, "paid_on": "2025-07-22 04:33:06" }, { "member_id": "d5b48284-8c87-44d7-a0e4-4a91ada71550", "amount_owed": 43.48, "paid_on": "2025-07-22 08:55:43" } ] }', 414.06, '2025-07-21 00:00:00', 'groceries', TRUE, '2025-07-22 08:55:43', '2025-07-21 02:37:35', '2025-07-21 02:37:35'),
('6a553461-5c05-4b72-91d9-0344c385488d', 'bc0fca49-00c2-4c60-80ae-4e5df36e2054', 'd5b48284-8c87-44d7-a0e4-4a91ada71550', 'Electricity Bill', 'Monthly electricity usage.', '{ "member_splits": [ { "member_id": "bf8a2326-ff14-423b-8cc3-5a8c7aad031a", "amount_owed": 25.85, "paid_on": "2025-07-16 10:13:43" }, { "member_id": "b2455b8a-b8ae-4933-91c0-13f45beae4b4", "amount_owed": 24.11, "paid_on": "2025-07-17 05:38:20" } ] }', 101.67, '2025-07-15 00:00:00', 'utilities', TRUE, '2025-07-17 05:38:20', '2025-07-15 21:27:47', '2025-07-15 21:27:47');
