INSERT INTO users (user_id, display_name, email, photo_url, payment_method, payment_link) VALUES
('64a6bc4f-0e6f-4d11-bcae-087a54fa7f8e', 'Diana Prince', 'diana@example.com', 'https://picsum.photos/id/101/300/300', 'Zelle', '+14085433452'),
('3c63a392-f260-4b64-9627-64ef31e67ff5', 'Charlie Brown', 'charlie@example.com', 'https://picsum.photos/id/102/300/300', 'Venmo', 'charile_mcmans'),
('c04355e1-9d60-4d79-a2e3-cbc773e66307', 'Bob Smith', 'bob@example.com', 'https://picsum.photos/id/103/300/300', 'Cash', 'My hand'),
('78e57b25-f5fc-4c18-8c9f-02467f340be0', 'Evan Lee', 'evan@example.com', 'https://picsum.photos/id/104/300/300', 'Zelle', '+18314193424'),
('9d7e114a-1cb3-4f61-8a9d-47fda72b2b88', 'Alice Johnson', 'alice@example.com', 'https://picsum.photos/id/106/300/300', NULL, NULL),
('713df910-07da-448e-8028-3310ce777632', 'Nilufer Sagat', 'nilufersagat35@gmail.com', 'https://lh3.googleusercontent.com/a/ACg8ocIVlJtPt8Jpa1_QrtPjc_GJXzpquJ4sM17GGggqMagDMY1XUg=s96-c', NULL, NULL),
('fb9e0994-28a7-4237-b89c-03279c48f889', 'Ly Z', 'qitayong12@gmail.com', 'https://picsum.photos/id/105/300/300', NULL, NULL),
('9171dd7e-3b08-4330-831d-40f91632729b', 'Josh Brooks', 'josh0brooks@gmail.com', 'https://lh3.googleusercontent.com/a/ACg8ocJFDecTuVFAdLawqpDIe1PUiJ3zxqc7bAkJkITkUVvVS3ux3fs=s96-c', 'Venmo', 'Big Stack Bully'),
('c246fb58-30f7-4565-9f5e-8a5926aa11e5', 'Jayden Chan', 'jaydenchan321@gmail.com', 'https://lh3.googleusercontent.com/a/ACg8ocLe7em9D81kIwgGNmQi9Kjvc81NdkvmElPUi5Jtbt_x-IvnpR4=s96-c', 'BitCoin', 'Ecurrency Bro'),
('720f0c5b-4425-4872-be64-8ed50db23043', 'ethan okamura', 'ethanokamura3@gmail.com', 'https://lh3.googleusercontent.com/a/ACg8ocLeXe-JI5iiWuu_g-Soy66IJBfgDwjM1mTwe_pv8qby0SDSiL4=s96-c', 'Venmo', 'ethanokamura');

-- Creating 4 houses with one user assigned as creator
INSERT INTO houses (name, user_id) VALUES
('Main St', '64a6bc4f-0e6f-4d11-bcae-087a54fa7f8e'), -- Diana Prince
('Plum St', 'c04355e1-9d60-4d79-a2e3-cbc773e66307'), -- Bob Smith
('Capitola Rd', '9171dd7e-3b08-4330-831d-40f91632729b'), -- Josh Brooks
('Skypark Dr', 'fb9e0994-28a7-4237-b89c-03279c48f889'),  -- Ly Z
('Project Central', '720f0c5b-4425-4872-be64-8ed50db23043'); -- Ethan Ok

-- House: Project Central
INSERT INTO house_members (user_id, house_id, is_admin, nickname) VALUES
('713df910-07da-448e-8028-3310ce777632', (SELECT house_id FROM houses WHERE name = 'Project Central'), FALSE, 'Nilufer'), -- Nilufer
('fb9e0994-28a7-4237-b89c-03279c48f889', (SELECT house_id FROM houses WHERE name = 'Project Central'), FALSE, 'Liya'), -- Liya
('9171dd7e-3b08-4330-831d-40f91632729b', (SELECT house_id FROM houses WHERE name = 'Project Central'), FALSE, 'Josh'), -- Josh
('c246fb58-30f7-4565-9f5e-8a5926aa11e5', (SELECT house_id FROM houses WHERE name = 'Project Central'), FALSE, 'Jayden'), -- Jayden
('720f0c5b-4425-4872-be64-8ed50db23043', (SELECT house_id FROM houses WHERE name = 'Project Central'), TRUE, 'Ethan'); -- Ethan (admin)

-- House: Main St
INSERT INTO house_members (user_id, house_id, is_admin, nickname) VALUES
('64a6bc4f-0e6f-4d11-bcae-087a54fa7f8e', (SELECT house_id FROM houses WHERE name = 'Main St'), TRUE, 'Diana'), -- Diana (admin)
('3c63a392-f260-4b64-9627-64ef31e67ff5', (SELECT house_id FROM houses WHERE name = 'Main St'), FALSE, 'Charlie'), -- Charlie
('713df910-07da-448e-8028-3310ce777632', (SELECT house_id FROM houses WHERE name = 'Main St'), FALSE, 'Nilufer'); -- Nilufer

-- House: Plum St
INSERT INTO house_members (user_id, house_id, is_admin, nickname) VALUES
('c04355e1-9d60-4d79-a2e3-cbc773e66307', (SELECT house_id FROM houses WHERE name = 'Plum St'), TRUE, 'Bob'), -- Bob (admin)
('fb9e0994-28a7-4237-b89c-03279c48f889', (SELECT house_id FROM houses WHERE name = 'Plum St'), FALSE, 'Liya'), -- Liya
('720f0c5b-4425-4872-be64-8ed50db23043', (SELECT house_id FROM houses WHERE name = 'Plum St'), FALSE, 'Ethan'); -- Ethan

-- House: Capitola Rd
INSERT INTO house_members (user_id, house_id, is_admin, nickname) VALUES
('9171dd7e-3b08-4330-831d-40f91632729b', (SELECT house_id FROM houses WHERE name = 'Capitola Rd'), TRUE, 'Josh'), -- Josh (admin)
('9d7e114a-1cb3-4f61-8a9d-47fda72b2b88', (SELECT house_id FROM houses WHERE name = 'Capitola Rd'), FALSE, 'Alice'), -- Alice
('78e57b25-f5fc-4c18-8c9f-02467f340be0', (SELECT house_id FROM houses WHERE name = 'Capitola Rd'), FALSE, 'Evan'); -- Evan

-- House: Skypark Dr
INSERT INTO house_members (user_id, house_id, is_admin, nickname) VALUES
('fb9e0994-28a7-4237-b89c-03279c48f889', (SELECT house_id FROM houses WHERE name = 'Skypark Dr'), TRUE, 'LyZ'), -- Ly Z (admin)
('c246fb58-30f7-4565-9f5e-8a5926aa11e5', (SELECT house_id FROM houses WHERE name = 'Skypark Dr'), FALSE, 'Jayden'); -- Jayden

-- EXPENSES
-- Project Central
INSERT INTO expenses (expense_id, house_id, house_member_id, title, description, splits, total_amount, expense_date, category, is_settled, settled_at, created_at, updated_at) VALUES
('5bc2dc0e-15e3-4acf-b4e9-34706f2f6310', 'ce5c53f0-c4dc-4f94-b583-5dab83c5c080', '7e7ab6c1-6716-4668-bf37-a67f64f4cd39', 'Monthly Rent Payment', 'Monthly rent share.', '{ "member_splits": [ { "member_id": "c246fb58-30f7-4565-9f5e-8a5926aa11e5", "amount_owed": 371.31, "paid_on": "2025-07-16 01:05:09" }, { "member_id": "302ec270-f2f4-490f-83f5-4e7e58ba4da8", "amount_owed": 57.37, "paid_on": "2025-07-14 17:06:07" } ] }', 1372.91, '2025-07-14 00:00:00', 'rent', TRUE, '2025-07-16 01:05:09', '2025-07-14 03:28:18', '2025-07-14 03:28:18'),
('9fc6aa28-a285-475d-9e4f-1de3c9572e54', 'ce5c53f0-c4dc-4f94-b583-5dab83c5c080', 'e1a63135-612a-45c3-931b-e9cf4560c0f8', 'Random Purchase', 'Miscellaneous shared expense: random purchase.', '{ "member_splits": [ { "member_id": "c246fb58-30f7-4565-9f5e-8a5926aa11e5", "amount_owed": 9.52, "paid_on": "2025-07-24 11:37:16" }, { "member_id": "c246fb58-30f7-4565-9f5e-8a5926aa11e5", "amount_owed": 17.66, "paid_on": null } ] }', 418.33, '2025-07-23 00:00:00', 'random', FALSE, NULL, '2025-07-23 17:21:54', '2025-07-23 17:21:54'),
('d968698a-6712-4094-afbc-a900c11782eb', 'ce5c53f0-c4dc-4f94-b583-5dab83c5c080', '1b294d59-9266-4cdb-9bfc-62a66aa495b9', 'Weekly Groceries', 'Shopping for household food and essentials.', '{ "member_splits": [ { "member_id": "302ec270-f2f4-490f-83f5-4e7e58ba4da8", "amount_owed": 33.38, "paid_on": null } ] }', 117.04, '2025-07-20 00:00:00', 'groceries', FALSE, NULL, '2025-07-20 11:40:51', '2025-07-20 11:40:51'),
('f4a39fa0-e1b7-486f-a2d3-6b057ef293ac', 'ce5c53f0-c4dc-4f94-b583-5dab83c5c080', '302ec270-f2f4-490f-83f5-4e7e58ba4da8', 'Dinner Out', 'Dinner Out with housemates.', '{ "member_splits": [ { "member_id": "b0d6676c-d205-475e-842f-8e20cc433fe3", "amount_owed": 8.14, "paid_on": "2025-07-18 21:31:45" } ] }', 82.58, '2025-07-18 00:00:00', 'food', TRUE, '2025-07-18 21:31:45', '2025-07-18 11:36:41', '2025-07-18 11:36:41'),
('432fe1a8-78f4-41a2-a796-74b415a69b9a', 'ce5c53f0-c4dc-4f94-b583-5dab83c5c080', '302ec270-f2f4-490f-83f5-4e7e58ba4da8', 'Weekly Groceries', 'Shopping for household food and essentials.', '{ "member_splits": [ { "member_id": "7e7ab6c1-6716-4668-bf37-a67f64f4cd39", "amount_owed": 73.42, "paid_on": "2025-07-23 17:08:36" } ] }', 210.24, '2025-07-23 00:00:00', 'groceries', TRUE, '2025-07-23 17:08:36', '2025-07-23 14:10:00', '2025-07-23 14:10:00'),
('6f2161e0-2b6a-47a7-8e44-bf4f0d6142e2', 'ce5c53f0-c4dc-4f94-b583-5dab83c5c080', '302ec270-f2f4-490f-83f5-4e7e58ba4da8', 'Internet Bill', 'Monthly internet usage.', '{ "member_splits": [ { "member_id": "7e7ab6c1-6716-4668-bf37-a67f64f4cd39", "amount_owed": 30.18, "paid_on": null } ] }', 83.74, '2025-07-22 00:00:00', 'utilities', FALSE, NULL, '2025-07-22 09:19:53', '2025-07-22 09:19:53'),
('12536c8a-ba81-4191-a3ac-3718b220a44b', 'ce5c53f0-c4dc-4f94-b583-5dab83c5c080', 'e1a63135-612a-45c3-931b-e9cf4560c0f8', 'Dinner Out', 'Dinner Out with housemates.', '{ "member_splits": [ { "member_id": "302ec270-f2f4-490f-83f5-4e7e58ba4da8", "amount_owed": 27.75, "paid_on": "2025-07-21 21:29:17" }, { "member_id": "7e7ab6c1-6716-4668-bf37-a67f64f4cd39", "amount_owed": 90.61, "paid_on": null } ] }', 352.15, '2025-07-19 00:00:00', 'food', FALSE, NULL, '2025-07-19 04:20:48', '2025-07-19 04:20:48'),
('7f72bff0-e172-4ec3-9db6-ca7e9daff35c', 'ce5c53f0-c4dc-4f94-b583-5dab83c5c080', '7e7ab6c1-6716-4668-bf37-a67f64f4cd39', 'Lunch Delivery', 'Lunch Delivery with housemates.', '{ "member_splits": [ { "member_id": "302ec270-f2f4-490f-83f5-4e7e58ba4da8", "amount_owed": 20.02, "paid_on": "2025-07-15 07:56:10" }, { "member_id": "1b294d59-9266-4cdb-9bfc-62a66aa495b9", "amount_owed": 49.70, "paid_on": null } ] }', 135.27, '2025-07-14 00:00:00', 'food', FALSE, NULL, '2025-07-14 15:31:03', '2025-07-14 15:31:03'),
('acc9ae71-3b63-474d-b23a-3f2bdd578e89', 'ce5c53f0-c4dc-4f94-b583-5dab83c5c080', '7e7ab6c1-6716-4668-bf37-a67f64f4cd39', 'Electricity Bill', 'Monthly electricity usage.', '{ "member_splits": [ { "member_id": "1b294d59-9266-4cdb-9bfc-62a66aa495b9", "amount_owed": 15.68, "paid_on": null }, { "member_id": "b0d6676c-d205-475e-842f-8e20cc433fe3", "amount_owed": 5.16, "paid_on": "2025-07-19 23:45:35" }, { "member_id": "302ec270-f2f4-490f-83f5-4e7e58ba4da8", "amount_owed": 5.50, "paid_on": null } ] }', 128.31, '2025-07-19 00:00:00', 'utilities', FALSE, NULL, '2025-07-19 23:52:49', '2025-07-19 23:52:49'),
('6db7ad12-8486-4ff9-b34e-27d31b4d7de1', 'ce5c53f0-c4dc-4f94-b583-5dab83c5c080', '302ec270-f2f4-490f-83f5-4e7e58ba4da8', 'Internet Bill', 'Monthly internet usage.', '{ "member_splits": [ { "member_id": "7e7ab6c1-6716-4668-bf37-a67f64f4cd39", "amount_owed": 11.45, "paid_on": "2025-07-15 10:48:40" } ] }', 52.98, '2025-07-14 00:00:00', 'utilities', TRUE, '2025-07-15 10:48:40', '2025-07-14 18:31:58', '2025-07-14 18:31:58'),
('1f706303-edaa-4db7-ac8a-504354cf20ba', 'ce5c53f0-c4dc-4f94-b583-5dab83c5c080', '302ec270-f2f4-490f-83f5-4e7e58ba4da8', 'Internet Bill', 'Monthly internet usage.', '{ "member_splits": [ { "member_id": "302ec270-f2f4-490f-83f5-4e7e58ba4da8", "amount_owed": 20.29, "paid_on": null }, { "member_id": "1b294d59-9266-4cdb-9bfc-62a66aa495b9", "amount_owed": 35.90, "paid_on": "2025-07-19 03:46:00" }, { "member_id": "b0d6676c-d205-475e-842f-8e20cc433fe3", "amount_owed": 9.44, "paid_on": "2025-07-19 03:39:02" } ] }', 140.30, '2025-07-19 00:00:00', 'utilities', FALSE, NULL, '2025-07-19 03:58:58', '2025-07-19 03:58:58'),
('2d1c771b-e26a-4bcf-bc52-ea9ea79c6ca5', 'ce5c53f0-c4dc-4f94-b583-5dab83c5c080', '7e7ab6c1-6716-4668-bf37-a67f64f4cd39', 'Electricity Bill', 'Monthly electricity usage.', '{ "member_splits": [ { "member_id": "b0d6676c-d205-475e-842f-8e20cc433fe3", "amount_owed": 21.05, "paid_on": "2025-07-19 12:41:23" }, { "member_id": "302ec270-f2f4-490f-83f5-4e7e58ba4da8", "amount_owed": 44.72, "paid_on": "2025-07-21 23:38:55" } ] }', 112.66, '2025-07-19 00:00:00', 'utilities', TRUE, '2025-07-21 23:38:55', '2025-07-19 12:46:52', '2025-07-19 12:46:52'),
('12edf922-ef10-4625-94e9-f76677be5d10', 'ce5c53f0-c4dc-4f94-b583-5dab83c5c080', '7e7ab6c1-6716-4668-bf37-a67f64f4cd39', 'Weekly Groceries', 'Shopping for household food and essentials.', '{ "member_splits": [ { "member_id": "1b294d59-9266-4cdb-9bfc-62a66aa495b9", "amount_owed": 18.30, "paid_on": "2025-07-15 07:46:20" }, { "member_id": "302ec270-f2f4-490f-83f5-4e7e58ba4da8", "amount_owed": 51.24, "paid_on": "2025-07-16 02:55:52" } ] }', 169.61, '2025-07-15 00:00:00', 'groceries', TRUE, '2025-07-16 02:55:52', '2025-07-15 07:47:37', '2025-07-15 07:47:37'),
('f806c836-2c5e-4c22-a087-135346f78caa', 'ce5c53f0-c4dc-4f94-b583-5dab83c5c080', 'e1a63135-612a-45c3-931b-e9cf4560c0f8', 'Weekly Groceries', 'Shopping for household food and essentials.', '{ "member_splits": [ { "member_id": "7e7ab6c1-6716-4668-bf37-a67f64f4cd39", "amount_owed": 69.19, "paid_on": "2025-07-22 17:04:30" }, { "member_id": "7e7ab6c1-6716-4668-bf37-a67f64f4cd39", "amount_owed": 168.97, "paid_on": "2025-07-22 16:57:37" } ] }', 457.98, '2025-07-22 00:00:00', 'groceries', TRUE, '2025-07-22 17:04:30', '2025-07-22 17:12:21', '2025-07-22 17:12:21'),
('e336ec61-5658-4e73-93e2-0ca607f6c09b', 'ce5c53f0-c4dc-4f94-b583-5dab83c5c080', '302ec270-f2f4-490f-83f5-4e7e58ba4da8', 'Monthly Rent Payment', 'Monthly rent share.', '{ "member_splits": [ { "member_id": "1b294d59-9266-4cdb-9bfc-62a66aa495b9", "amount_owed": 139.37, "paid_on": null }, { "member_id": "1b294d59-9266-4cdb-9bfc-62a66aa495b9", "amount_owed": 400.86, "paid_on": "2025-07-23 23:16:48" } ] }', 979.81, '2025-07-23 00:00:00', 'rent', FALSE, NULL, '2025-07-24 00:44:53', '2025-07-24 00:44:53'),
('aeb24228-9e98-4bb7-805b-43f00ef4038a', 'ce5c53f0-c4dc-4f94-b583-5dab83c5c080', 'b0d6676c-d205-475e-842f-8e20cc433fe3', 'Dinner Out', 'Dinner Out with housemates.', '{ "member_splits": [ { "member_id": "e1a63135-612a-45c3-931b-e9cf4560c0f8", "amount_owed": 136.75, "paid_on": null } ] }', 445.10, '2025-07-16 00:00:00', 'food', FALSE, NULL, '2025-07-16 11:33:03', '2025-07-16 11:33:03'),
('ae7b3a03-30d4-456c-9098-5111b1a32ade', 'ce5c53f0-c4dc-4f94-b583-5dab83c5c080', '7e7ab6c1-6716-4668-bf37-a67f64f4cd39', 'Internet Bill', 'Monthly internet usage.', '{ "member_splits": [ { "member_id": "b0d6676c-d205-475e-842f-8e20cc433fe3", "amount_owed": 8.12, "paid_on": null }, { "member_id": "302ec270-f2f4-490f-83f5-4e7e58ba4da8", "amount_owed": 5.09, "paid_on": "2025-07-17 05:16:59" } ] }', 72.06, '2025-07-15 00:00:00', 'utilities', FALSE, NULL, '2025-07-15 10:32:41', '2025-07-15 10:32:41'),
('1540799b-f7b7-4503-afec-43935d7b5bc4', 'ce5c53f0-c4dc-4f94-b583-5dab83c5c080', '302ec270-f2f4-490f-83f5-4e7e58ba4da8', 'Movie Night Snacks', 'Miscellaneous shared expense: movie night snacks.', '{ "member_splits": [ { "member_id": "7e7ab6c1-6716-4668-bf37-a67f64f4cd39", "amount_owed": 14.71, "paid_on": "2025-07-24 23:48:58" } ] }', 125.77, '2025-07-24 00:00:00', 'random', TRUE, '2025-07-24 23:48:58', '2025-07-24 23:46:47', '2025-07-24 23:46:47'),
('2cd7ce43-80c6-4507-b552-31fe2d83c6b3', 'ce5c53f0-c4dc-4f94-b583-5dab83c5c080', '1b294d59-9266-4cdb-9bfc-62a66aa495b9', 'Weekly Groceries', 'Shopping for household food and essentials.', '{ "member_splits": [ { "member_id": "302ec270-f2f4-490f-83f5-4e7e58ba4da8", "amount_owed": 72.66, "paid_on": "2025-07-22 01:07:47" }, { "member_id": "1b294d59-9266-4cdb-9bfc-62a66aa495b9", "amount_owed": 39.80, "paid_on": "2025-07-22 04:33:06" }, { "member_id": "e1a63135-612a-45c3-931b-e9cf4560c0f8", "amount_owed": 43.48, "paid_on": "2025-07-22 08:55:43" } ] }', 414.06, '2025-07-21 00:00:00', 'groceries', TRUE, '2025-07-22 08:55:43', '2025-07-21 02:37:35', '2025-07-21 02:37:35'),
('6a553461-5c05-4b72-91d9-0344c385488d', 'ce5c53f0-c4dc-4f94-b583-5dab83c5c080', 'e1a63135-612a-45c3-931b-e9cf4560c0f8', 'Electricity Bill', 'Monthly electricity usage.', '{ "member_splits": [ { "member_id": "302ec270-f2f4-490f-83f5-4e7e58ba4da8", "amount_owed": 25.85, "paid_on": "2025-07-16 10:13:43" }, { "member_id": "fb9e0994-28a7-4237-b89c-03279c48f889", "amount_owed": 24.11, "paid_on": "2025-07-17 05:38:20" } ] }', 101.67, '2025-07-15 00:00:00', 'utilities', TRUE, '2025-07-17 05:38:20', '2025-07-15 21:27:47', '2025-07-15 21:27:47');